elements-title-normal__content,element-offer-minorder-normal__value,seller-tag__year
Factory Cheap Price   Portable Medical 1L 5L 7L   - Price,5 Pieces,1
Prices Jumao 10L High Purity Medical Portable   10L For  And Medical,100 Pieces,3
Portable    Price     Machine,10 Pieces,1
KJR-11MW   Generator Health Care   1L -7LOxygenation Making Machine In Stock,10.0 Pieces,2
Wholesale High Purity 93% 5L 10L 20L Magic  Machine   Generator,1.0 Sets,1
10 Liter 15 Liter   Portable  - Prices,1 Piece,2
2021 New Design 5l   Portable - 10 l Hight Purity   With Nebulizador,1.0 Sets,8
portable -  10 liter   portable,1.0 Sets,7
Factory price  generator 10 liter    1-7L   for,2.0 Sets,2
,,
Physical Therapy Equipments Portable - Machine 5L  China    96%,1.0 Pieces,11
Hot Sale 93%+3% Concentrador De Oxigeno Olive 10 litros Portable -  8l 5l 3l,1.0 Pieces,2
Mini Battery Portable    Generator Machine Small  Making Machine  /Car/Travel,1 Piece,2
Cheap    In Stock 5L/8L//20L Commercial Portable   For,1.0 Sets,8
Hot sale high quality 5L     for  and,1 Piece,2
2021 DEDAKJ-2SW New Arrivals  5L 9L  Hospital   portable   price with nebulizer and CE & ISO,10 Units,5
Hot selling   1-7 litres - portable   for wholesale,1 Piece,2
Hot sale high quality 3L 5L     for  and,2 Pieces,3
1L 2L 3L 5L  Mini  Portable  Generator Price For Sale Portable   with Battery,1.0 Units,3
,,
Ready stock factory directly sales    generator with atomize function,1.0 Pieces,5
High Quality  5L  8L Hospital and   High Pressure Dual flow Mobile   with Voice Function,1.0 Sets,2
factory New Style    2L 5L  portable    hydrogen generator,1.0 Sets,2
Hot Selling  instrument portable 5L 8L  15L,1.0 Sets,16
Dedakj Brand   DE-1S Digital Portable 8L Oxigen  For,2 Units,2
In stock ready to ship Adjustable Oxygenerator Portable   Low Noise  1-7L model  making machine,1 Piece,7
MT  Healthy breathing equipment    double-flow  portable,1.0 Cases,5
- Digital 1-2 Lpm 1l Portable   For   And Car,3 Units,1
health care device     10 litre portable personal   penumpu oksigen,1.0 Pieces,1
5L    Portable  Generator Price factory Sale Portable,2.0 Sets,12
and hospital   portable mobile China -,1.0 Units,13
Oxygenic Area XY-6S 5L  93% Large Flow     Therapy Equipment 5 litros,1 Piece,2
Hot Sale  Electrolytic  Dual Flows,2 Pieces,2
Hot sale  5l  15l   physical therapy equipments  generator concetrador de oxigeno cheap price,1 Set,2
3L 5L 7L 10Lmp 15 Liter Portable    Price     Machine for Sale,1 Piece,5
1-5L   Adjustable,1 Piece,3
Oxigen    portable prices  5l  sale - platinum invacare,1 Set,11
Bucks Portable Lightweight Commercial   With Nebulization Lightweight -,100 Pieces,2
5L   portable  health care  With Atomizer Yuwell machine Household hospital,1 Unit,2
factory price   jay-5/10 5L/ -,1.0 Sets,6
Two People  /min 95% High Purity   Atomization  Generators With Alarm System,1 Piece,2
For hospital &   1L-7L Adjustable    5 Litre Portable  Generator o2 oksigen mesin oksgen,1 Piece,2
DE-1A CE ISO certificated 2021 Hot Sale cheap Portable   7L 8L 9L DEDAKJ,1 Set,2
KSOC-10 low noise  high flow    for hospital,1 Piece,2
Factory Wholesale    Machine     Oxygenerator,1.0 Pieces,2
new 2021 outdoor  110V remote control   small,1 Piece,2
owgels 5L -  generator portable for  and hospital,1.0 Pieces,2
KSOC-10 low noise  high flow    for hospital,1 Piece,2
Manufacturer Oxgen  1-7L invacare portable,10 Pieces,1
Used Portable   Sale 5L Portable      For Sale,2 Pieces,2
5L   Generator   factory fabrica de concentradores de oxigeno,1 Piece,3
Portable  5 liter income,10 Pieces,4
Dual Flow  Generator 95% Peak Purity Oxygenerator     Owgels Top Quanlity Meidical,2 Pieces,3
Factory Wholesale    Machine     Oxygenerator,1.0 Pieces,2
factory price   jay-5/10 5L/ -,1.0 Sets,6
For hospital &   1L-7L Adjustable    5 Litre Portable  Generator o2 oksigen mesin oksgen,1 Piece,2
,,
Owgels Factory direct 7L electric capacity portable    used,1 Piece,2
Hacenor  physical therapy equipments high purity      96%,1 Piece,2
yu300 - yu300    7L Hospital  oxgen  buy yu300,1 Piece,1
New Arrival      with CE Approved,1 Pack,13
"Small  ,  generator",1 Carton,7
Easy to  Oxgen   Generator  Machine Price,1.0 Pieces,1
Factory Price 1L     Equipment With Nebulizer,1.0 Units,5
Owgels     with purity 96% CE certificated factory direct supply hospital,10 Pieces,1
China Boxym factory Price Sale 2L 3l 5l    mobile oxigen oxgen  Generator Portable,1 Piece,3
,,
China-- - 8l 15l,1 Piece,5
Individual    generator,10 Pieces,5
Warehouses Direct Deliver Portable   Machine 1-7L 96 Percent   Generator,3.0 Units,4
"Factory price Hige purity Portable   1L-7L Adjustable  generator,    making Machine",1 Piece,2
Portable 2 Litre - Machine Mini 2L China    For  Car,1 Piece,3
2021 Hot Sale 7L Mini Portable oxigeno portatil 7lts   generator 7 6 5L for  care,1 Piece,2
High Quality Portable   Olive-5 l model  machine oxygenerator,1 Piece,12
IN-IJ8 Cheap  used 5 10 15 20 liter Dual Flow,1 Set,4
Shenzen Portable - Machine,1.0 Pieces,4
- 5L machine,1.0 Sets,3
DYNMED Portable 93% High Purity 2 People  Dual Flow,1 Piece,1
US Free Shipping 110V Full Touch Screen 1-7L/min Adjustable,2 Pieces,7
Factory Price   5 8  Hight Purity   with CE & ISO --price,1 Set,15
Newly - 1L 5L 7L Portable   with High Purity,1 Piece,2
Newest  portable   with 5 liters  capacity,1 Piece,11
Low Price emergency  equiptments -,5 Pieces,4
MAF     portable with battery price for sale,1 Piece,7
LTSK05 CE Portable Battery Powered,1 Set,9
XNUO    Oxigeno Physical Therapy Equipments English Display 10LPM,2 Packs,2
93%   -  Oxygenerator,1 Set,2
Ireland Hot Sale Factory wholesale Portable 10 15 20 liter,1.0 Pieces,6
Owgels 1-7L Portable  Generator  Machine - Portable Price,1 Piece,13
physical therapy equipment   with nebulizer,1 Piece,2
Professional and safe ultra-low price oxymed oxgen  oxgen  yuwell oxgen  for,1 Piece,1
JUMAO hospital high purity   10LPM oxygenerator,10 Pieces,2
5 10 15 20 lpm Portable cheap,10.0 Sets,7
Factory price oxgen    93% purity  generator portable,10 Pieces,1
Hospital Equipment -   Concentrador De Oxigeno,1.0 Sets,8
yuwell YU100 1L   1~7L Adjustable Purity 90% at 1L With Remote Controller,10 Pieces,9
Ready good 1L/2L/3L/5L/7L Adjustable 93% High purity  making machine,1 Box,1
1L-   generator Therapy 96% High Purity Portable -,1 Piece,2
New arrival DEDAKJ DE-Q1W 1-8L large flow   China   for sale,10 Units,5
Portable 5 10 Liters   Generator Apparatus For Hospital 1L 8L 20L Mobile   For  Used,1.0 Sets,8
Adjustable Oxygenerator High Quality Portable   Low Noise  1-7L model  making machine,2 Pieces,3
portable rechargeable,1.0 Units,4
Directly Shipping including Clearance Hospital     Generator,1.0 Units,6
10 liter high flow -  equipment 10 l   manufacturer,1.0 Sets,1
China Portable   5L    Prices,1 Set,11
New   5L portable for  and,1 Piece,3
TAESANO Factory Price Physical Therapy Generator Equipments 5L Top Quality Hospital and,1 Piece,2
Ready To Ship Factory Price 96% High Purity 10 Litre,1 Set,1
Dual Flow   Germany with Air Filter for,1 Piece,5
Wholesale  Concentrador de Oxigeno Supplies Remote Control 93% Purity,2 Pieces,2
Olive concentrateur d'oxyg ne 10 litres   Oxgen   - 5l   for Sale,1.0 Pieces,2
5L With Atomizer YUWELL machine oxygenerator Household   generator,1.0 Units,2
1-7L/min 93%  Purity Amazon Aliexpress Hot Selling    Generator With Intelligent Touch Screen,1 Piece,2
5L   Generator   factory fabrica de concentradores de oxigeno,1 Piece,3
DE-1A New Design Hot Sale household Portable   7L for    generator DEDAKJ cheapest,1 Set,2
Yuwell - Yu well   olv-10 7l 15l hospital  o2 generator yu300 oxigen concentration,1.0 Sets,11
yu300 - yu300    7L Hospital  oxgen  buy yu300,1 Piece,1
10 years OC Portable   Machine 1-6L/min Adjustable   96 Percent,10.0 Pieces,2
Machine   usa 5L,10 Pieces,2
Hot Sale Electric  and  - with Good Prices,1 Set,2
Hospital Equipment Portable Oxigen 3L 5L,1.0 Units,13
Small  Generation Psa   Generator Psa  Generators 20liters,100 Packs,2
Household Portable 1-8L Adjustable   Negative Ion Function Oxygenerator,2 Pieces,2
Low Price - 20L Hight Purity,1.0 Sets,1
Amazon portable hospital   CE standard cheapest price,10 Pieces,7
China Big Factory Good Price portable   15 liter with prices,1 Piece,11
Price List  96% Oxgen  Portable,1.0 Pieces,1
2020 new 6L capacity Beauty Individual  mini portable  nebulizer machine,1 Piece,5
MAF mini portable most popular and cheapest   with battery,1 Piece,7
Yingru 1L-7L Portable benchtop Oxigen generator concentrateur oxygene,2 Pieces,2
5L  portable  oxgen  oxygenerator - invacar concentrateurd' 10 litr,1.0 Boxes,2
10lit 5 L Large  Flow 93% - Machine 3L    Oxgen  For Supply In Hospital,1.0 Sets,8
PSA 1L-7L Portable benchtop Oxigen generator concentrateur oxygene,5.0 Sets,2
-  dual flow 10 liter,1.0 Sets,9
portable   -    96,10 Pieces,2
CE approve 1- 7 L Adjustable Travel   Portable  Generator - Factory Price,1.0 Sets,1
Hochey  Physical Therapy Equipment Imported Compressor 3L/5L/8L/ High Flow,1.0 Units,2
MT  High  Purity 95% Door to Door Service Portable    5L,1.0 Units,5
US Warehouse 10 Liter   Mini Type,1.0 Sets,4
Rehabilitation Equipment  Supplies 10LPM  Generator Best Price JAY-10 Dual Flows,1 Unit,4
5L   Hospital Single Flow Portable,1 Set,7
1- 5 Liters Mobile 02 Generator   Machine,1.0 Pieces,3
portable Iron case 15L 20L 30L 40L 60L high flow     industrial  veterinary,50.0 Pieces,2
Olive 8 Lpm 9l Dual Flow Mobile   /   10 Liters,1 Piece,2
15 Lpm Olv  O2 Generator --portable-price Xy-5,1 Piece,5
Hospital    Portable - Machine     portable,1 Piece,1
portable    oxgen  with CE - 5 litre for  and,5 Pieces,1
Professional production   Double flow  o2   with mask,1.0 Pieces,2
TAESANO Portable      Nebulizer Atomization   5 l,1 Piece,2
5L    for  and,1 Piece,2
220V   Professional   for,1 Piece,3
5L10L In Stock !!  PSA Smart Portable    - 10 Liter   with Nebulizer,1.0 Pieces,2
Factory One-stop Service Portable     - Generator 1l 5l 7l,1 Piece,1
CE high purity   10 lpm health care     high flow,50 Pieces,1
Factory New Style  Portable   For,1 Piece,1
Best selling  portable   for,1 Set,1
Hot sale  Cheap 3L 5L  Portable   for  and,1 Piece,1
Hot sale high quality     -  for  and,10.0 Pieces,2
2021 New Design 5l   Portable - 10 l Hight Purity,5.0 Sets,5
High Quality 3L    Equipment For,1 Piece,2
Factory Direct Sell Cheap    1L,1 Piece,1
Yuwell high quality    and hospital  9f-5 - 5l,1 Piece,1
5 Liter - Supplier Price High Purity Portable 5l,1 Piece,2
Healthcare Device   Supplies  1-7L 5L,1 Set,1
Portable   96%   5 l,1.0 Units,13
Guaranteed Quality Proper Price   High Quality -,1 Unit,1
Best Price PSA   nebulizer Atomization function    industrial,1.0 Units,7
Machine 0.5-5L/Min Portable Household Health  Equipment,1.0 Pieces,1
Manufacture 5l 10 liter     prices 10 l,10 Pieces,1
High Quality Continuously Running  And   5L Portable,1 Piece,1
New Arrival      with CE Approved,1 Pack,13
93% Purity Low Noise 10 Liters    Breathing Machine,1.0 Sets,2
Hospital     Portable 7F-10    Price,10.0 Pieces,2
Electric hospital  10 liter O2 oxgen generator portable   Household    -,1.0 Pieces,2
High purity   3L and 5L,50.0 Pieces,9
dual flow   hospital   two people used - double flows  stock,1 Set,3
#NAME?,1.0 Sets,1
Physical Therapy Equipments  Generador De Oxigeno    _ 1-7L,5.0 Pieces,2
BIOMAISEN     generator   oxgen   portable  generator,1.0 Units,1
Manufacturer Wholesale 9l       93% High Purity Concentrador De Oxigeno 5l For Two Person,10 Pieces,6
2021 New Arrivals Hospital   5l Portable - Machine   10 Liter Dual Flow,10.0 Pieces,13
China factory best  purity,1 Piece,6
"with   flow, 93% purity stable  supply",1 Set,1
5/10/15 Liter Portable   with cheap price,1.0 Sets,1
20L   for 2 persons  and hospital,1 Piece,1
- Easy Operate Portable - High Flow -,50 Pieces,1
High purity  3L and 5L,1 Set,1
hospital       XY-6S-10,10 Pieces,6
10 -  single    hospital,100 Units,2
5L    96% High purity 5L   portable price,5.0 Pieces,2
YJ-7F-10W Heathcare      7F-5 7F-8 7F-10 5L 8L 10 L good quality cheap price,1 Acre,3
3L 5L  made in china     parts,1 Set,1
Hot Sale     10 L/min Hight  Purity,1.0 Units,1
High purity portable   for hospital  10 liter,2 Pieces,1
Factory Price Physical Therapy Equipment Concentrador Oxigeno  Portable,1 Piece,1
Low Noise Ce Dual Flow    1L 7L Adjustable For Pregnant Woman Elder Flu Person,1 Set,1
Wholesale   dual flow oxgen   with CE,1 Piece,3
Dual flow   10 liter two people     price hospital  double  oxygene Algeria,1 Set,3
#NAME?,1.0 Sets,1
Daypro Oxigen   Health     7L Physical Therapy Equipments,1 Piece,2
2021 New Design   Hospital,5.0 Pieces,2
93 Purity   Household Proper Price,1 Set,2
Good Quality High Purity Portable   8L For  and Hospital,1.0 Pieces,2
Hot sale high quality    for  and     high purity,50 Pieces,1
Portable  Generator factory Price Sale 93% high purity Portable    XY-6S-10,10 Pieces,6
93%  Purity 5L/    Generator Portable,1.0 Units,1
10 Liter Large  Flow 93% -   Oxgen Generator For Supply In Hospital,10 Sets,1
Hacenor portable   professional hospital   96% purity adjustable,1 Set,8
3L/5L/8L/ O2  - 10 litre  Portable   for Sale,1.0 Pieces,1
Equpment Portable   Oxygenerator  - Machine with nebulizer,1.0 Pieces,2
portable oxigen  Nebulizer oxigen generator  Generator 1-7L for Room oxygenerator,2 Sets,2
New Product  Generator High Purity   oxgen  1-7l Portable   with 5 liters,1.0 Pieces,2
Hot sale high quality  and   93% high purity,1 Piece,11
Factory Price   making machine  10 lpm   For Sale ready stock,2 Pieces,1
Factory Wholesale Price 1L   Portable,1 Piece,1
Physical therapy equipment Portable For  And Hospital    - For Sale,5 Pieces,1
5L With Durable And Stable    Portable  -,1 Piece,1
Factory Cheap Price   - High Purity 1L    with CE Approved,1 Piece,1
Guangzhou Factory Price  Portable Oxygenerator 95%,1.0 Pieces,2
OEM available China manufactured high quality   portable,1 Set,3
Factory Cheap Price   -  High Purity 5L    with CE Approved,1 Set,1
Factory Cheap Price   -  High Purity 5L    with Approval,1.0 Sets,2
1L- professional,1.0 Units,7
Best 1L   For Sale     Price,1 Set,2
High quality   portable 5L   price,10 Units,6
Equipment 1-7L Portable    For Sale,2.0 Sets,1
Hot sale high quality 3L 5L     for  and   - portable,10 Units,1
1L- professional,1.0 Pieces,2
Sale  China 5l  Portable   Price,5 Pieces,5
Hot selling oxigen     for sale,1 Piece,3
high Efficient   portable,1 Piece,1
3L     Price,1 Unit,1
Factory Cheap Price   - 5L High Purity 5L    with CE and ISO Approved,20.0 Units,1
Hot Sale Household portable    manufacturers   generator with ce,1 Set,1
Quality Assurance Factory Supply Improve Oxygenation 1-/Min,10 Pieces,1
Portable  Oxgen Generator  1L/Min   -,1 Piece,1
5L 6L 7L 8L         Machine,1.0 Sets,1
Hot sale  care 5L,1 Piece,1
1-7L 5L  mobile adsorption    generator plant with contain for filling ywell oxigen,1 Piece,5
factory sale amazon automatic    generator with atomization  Dual Flow,2 Units,1
High quality   for  therapy lightweight small size silent   -  5l,1 Piece,1
1L- Professional,1 Piece,1
Hot selling Top Quality Portable   factory direct supply - for,10 Pieces,1
Good Quality  and    5l with Good Price for good sale,1 Set,2
5L  Low Noise O2       Generator for Hospital And,1.0 Pieces,2
New Design 5L,10 Pieces,4
3L Factory price  Apparatus,1 Piece,3
93%   portable   generator with Minnuo brand popular among china,1 Piece,2
High Quality and Good Price Environmentally Friendly 1-/Min  -,10 Pieces,1
etter Sale Safe Certified Widely Used,20.0 Units,1
In stock ready to ship high-end 5 liter 10 liter     mini silent - 10 litre,1 Piece,1
Manufacturer portable,1 Set,1
Hot Selling High Quality 2L    For,1 Unit,1
Hacenor newest physical therapy equipment imported molecular sieves   portable,1 Set,8
In Stock !  Portable   -  dual flow 5/ 10 liter,1.0 Pieces,2
Oxgen Generator - Price List 1l 3L 5L  Liters     yooxygen oxigen generator,1.0 Pieces,1
New Products   Devices High  Concentration    for Hospital,1 Piece,11
220V Portable 5L/   Machine    Maker   Machine best quality For Sale,1 Box,1
Full Warranty Electric  Generator Machine Portable Wholesale Light Weight  Machine with Alarm System for Sale,2.0 Sets,2
health care,1 Piece,1
Portable Price Low Noise High Quality  5L With Built-In Nebulizer Mini  Generator,1 Piece,1
Chinese Electric  and  10 l   for Sale Good Prices,1 Set,2
Hot Selling Portable 5L    Portable 10 Litre  Generator Price Portable  Machine,1.0 Pieces,2
94%    generator at good sales and quality assurance,1 Piece,2
physical therapy equipments   large flow 5l    portable price,1 Piece,1
Factory Direct Sell Cheap,1 Piece,11
and   93% Purity   price,1 Piece,1
High Pressure10 litre purity     battery portable   L 5/ 10 liter -,1.0 Pieces,2
Hacenor 2021 newest model     10 liter,1 Piece,2
Oxigen  best selling   portable - yooxygen concentrateur doxygne for sale,1.0 Pieces,1
Water  Machine Machine   5L    Portable  Machine best quality For Sale,50 Boxes,1
2L 4L 9L small      with good price,1.0 Pieces,11
Hacenor    adjustable high purity   generator   CE approved,1 Piece,2
Portable  8l 7l 5l   - Machine 10 liter Oxgen O2 Oxigen Generator 5 litre,1.0 Pieces,2
Water  Machine Machine 5L   dual flow  Portable best   quality For Sale,100 Boxes,1
Hacenor   dual flow  20L    sensor optional factory price,1 Piece,2
Portable 5L  - 5 Liter,1.0 Pieces,2
220V Portable 5L/   Machine    Maker   Machine best quality For Sale,50 Boxes,1
Hacenor hospital PSA high purity dual flow      supplier in China,1 Piece,2
in Stock ! New Portable     Dual Flow 10 Liter   Oxgen Generator 5L  -,1.0 Pieces,2
portable psa 1~   95%  generator plant for hospital,1 Piece,2
Portable  Hospital   High Flow Purity 5 Liter Oxgen Generator Consentrater 5l 8l,50 Pieces,2
Portable   Oxygenerator  - Machine 10 liter Oxgen Oxigen Generator 5 litre,1.0 Pieces,2
Hacenor   breathing equipment high purity  dual flow   generator machine,1 Set,8
Portable Industrial  Hospital   oxigen concetrator 10 l liter Oxgen Oxigen Generator -,1.0 Pieces,2
may tao oxy Portable    concentrateur d'oxyg ne 10 litres concentrateur d'oxygene 5l oxigen,1.0 Pieces,2
Wholesale Hinor - Single/Dual Flow   10 liter portable,2 Pieces,2
Physical therapy equipments concentrateur d'oxygene 10 l -  nebulizer  Oxgen,1.0 Pieces,2
In Stock ! AUPO Portable     Extractor 5l  Breathing Machine 10 liter,1.0 Pieces,2
5L      Stock,1 Piece,2
China manufacturer cheap price portable  5l,1 Piece,6
Factory Direct Sell Cheap,1 Piece,1
Factory Wholesale Improve Oxygenation 1-/Min,10 Pieces,1
Hot Sale     Industrial    for Sale,1.0 Pieces,2
With Ce Approved,50 Pieces,1
Hot Sale     Portable    For Sale,10 Pieces,1
Manufacturer Price Multi-Function,100 Pieces,1